会社名,フォームURL,判定,理由,拾えた項目,本文,CAPTCHA,確認画面
公益財団法人高崎財団,https://www.takasaki-foundation.or.jp/about.php#information,手動,"到達不可: ('Connection aborted.', ConnectionResetE",,,,
株式会社ハウステンボス,https://www.huistenbosch.co.jp/contact/,要確認,HTMLにフォームなし（JS描画の可能性）,,,,
株式会社岩戸屋,https://www.iwatoya.co.jp/contact/,自動可,,company/email/name/name_kana/tel,通常版,,
コベルコ神戸スティーラーズ,https://www.kobesteelers.com/news/cat_news/information/,要確認,HTML上で拾えた項目が0件（実行時はラベルも見るので増える見込み）,,通常版,,
エーシーオー沖縄,https://www.acookinawa.com/performing-arts-exchange-project-for-the-next-generation/,要確認,HTMLにフォームなし（JS描画の可能性）,,,,
オペレッタ劇団ともしび,https://tomoshibi.co.jp/contact,手動,CAPTCHAあり（自動送信しない）,,,あり,
劇団俳協,https://haikyo.co.jp/contact/form1.php,要確認,HTMLにフォームなし（JS描画の可能性）,,,,
一般社団法人観世会,https://kanze.net/publics/index/33/,要確認,HTML上で拾えた項目が0件（実行時はラベルも見るので増える見込み）,,通常版,,あり
公益社団法人金春円満井会,https://www.komparu-enmaikai.com/%E3%81%8A%E5%95%8F%E3%81%84%E5%90%88%E3%82%8F%E3%81%9B,要確認,HTML上で拾えた項目が0件（実行時はラベルも見るので増える見込み）,,通常版,,
ペスカドーラ町田,https://www.pescadola-machida.com/other/contact/,自動可,,email/name/tel,極小版（上限100）,,
公益財団法人東京都歴史文化財団,https://www.rekibun.or.jp/inquiry/,要確認,HTML上で拾えた項目が1件（実行時はラベルも見るので増える見込み）,email,通常版,,
公益財団法人江東区文化コミュニティ財団,https://www.kcf.or.jp/contact/,手動,"到達不可: ('Connection aborted.', ConnectionResetE",,,,
公益財団法人相模原市民文化財団,https://hall-net.or.jp/contactform/,自動可,,email/name/tel,短縮版（上限500）,,
公益財団法人西宮市文化振興財団,https://www.nishi.or.jp/shisei/koho/kochojigyo/toiawase.html,要確認,HTML上で拾えた項目が0件（実行時はラベルも見るので増える見込み）,,通常版,,
（株）ライブ・ネーションH.I.P.,https://www.livenationhip.co.jp/contact,要確認,HTMLにフォームなし（JS描画の可能性）,,,,あり
横浜キヤノンイーグルス,https://www.canon-eagles.jp/contact/,要確認,HTMLにフォームなし（JS描画の可能性）,,,,
クラウンファミリープレジャーＢ,https://www.pleasure-p.co.jp/oomune_inquiry/,手動,CAPTCHAあり（自動送信しない）,,,あり,
一般社団法人劇団コーロ,https://kooro.org/mail/index.html,要確認,HTMLにフォームなし（JS描画の可能性）,,,,
劇団たんぽぽ,https://www.gekidan-tanpopo.com/performance/,要確認,HTML上で拾えた項目が0件（実行時はラベルも見るので増える見込み）,,通常版,,
劇団野ばら,https://gekidan-nobara.com/contact/,自動可,,body/email/name/name_kana/tel,通常版（上限2000）,,
公益社団法人日本オーケストラ連盟,https://www.orchestra.or.jp/information/,要確認,HTMLにフォームなし（JS描画の可能性）,,,,
公益財団法人アフィニス文化財団,https://www.affinis.or.jp/inquiry.html,自動可,,body/company/email/name_kana,通常版,,あり
太鼓芸能集団 鼓童,https://www.kodo.or.jp/performance,手動,CAPTCHAあり（自動送信しない）,,,あり,
エスポラーダ北海道,https://espolada.com/contact/,自動可,,email/name/name_kana/tel,通常版,,あり
一般社団法人サッポロシティジャズ,https://sapporocityjazz.jp/contact/,手動,CAPTCHAあり（自動送信しない）,,,あり,
一般財団法人地域創造,https://www.jafra.or.jp/about/inquiry.html,要確認,HTML上で拾えた項目が0件（実行時はラベルも見るので増える見込み）,,通常版,,
公益社団法人能楽協会,https://www.nohgaku.or.jp/performance,要確認,HTML上で拾えた項目が0件（実行時はラベルも見るので増える見込み）,,通常版,,
公益社団法人落語芸術協会,https://www.geikyo.com/inquiry/index,自動可,,email/name_kana/tel/zip,通常版,,
公益財団法人アクトシティ浜松運営財団,https://www.actcity.jp/contact/,自動可,,body/email/tel,通常版（上限2000）,,あり
公益財団法人ヤマハ音楽振興会,https://www.yamaha-mf.or.jp/contacts/,要確認,HTML上で拾えた項目が0件（実行時はラベルも見るので増える見込み）,,通常版,,
公益財団法人三鷹市スポーツと文化財団,https://mitaka-sportsandculture.or.jp/zaidan/inquiry/,要確認,HTMLにフォームなし（JS描画の可能性）,,,,
公益財団法人北区文化振興財団,https://kitabunka.or.jp/performing-arts/,要確認,HTMLにフォームなし（JS描画の可能性）,,,,
公益財団法人北海道文化財団,https://haf.jp/inquiry.php,要確認,HTML上で拾えた項目が0件（実行時はラベルも見るので増える見込み）,,通常版,,
公益財団法人千葉交響楽団,https://chibakyo.jp/contact/#scroll-position,自動可,,body/email/email2/tel,通常版,,
公益財団法人千葉県文化振興財団,https://www.cbs.or.jp/contact,手動,CAPTCHAあり（自動送信しない）,,,あり,
公益財団法人名古屋市科学館,https://www.ncsm.city.nagoya.jp/visit/visitors_guide/inquiry.html,要確認,HTMLにフォームなし（JS描画の可能性）,,,,
公益財団法人埼玉県公園緑地協会,https://www.parks.or.jp/association/guide/000/000532.html,要確認,HTML上で拾えた項目が0件（実行時はラベルも見るので増える見込み）,,通常版,,
公益財団法人埼玉県芸術文化振興財団,https://www.saf.or.jp/information/,要確認,HTML上で拾えた項目が0件（実行時はラベルも見るので増える見込み）,,通常版,,
公益財団法人堺市文化振興財団,https://www.sakai-bunshin.com/contact/,手動,CAPTCHAあり（自動送信しない）,,,あり,
公益財団法人多摩市文化振興財団,https://www.parthenon.or.jp/contact/,要確認,HTML上で拾えた項目が2件（実行時はラベルも見るので増える見込み）,body/email,通常版,,
公益財団法人小田原市文化財団,https://www.city.odawara.kanagawa.jp/field/municipality/disclosure/singikaitounokoukai/information/seinenkoukenseido.html,要確認,HTML上で拾えた項目が0件（実行時はラベルも見るので増える見込み）,,通常版,,
公益財団法人尼崎市文化振興財団,https://www.archaic.or.jp/inquiry/,要確認,HTMLにフォームなし（JS描画の可能性）,,,,
公益財団法人岡山文化芸術創造,https://www.ocac.jp/information/,要確認,HTML上で拾えた項目が0件（実行時はラベルも見るので増える見込み）,,通常版,,
公益財団法人川口総合文化センター,https://www.lilia.or.jp/inquiry,要確認,HTMLにフォームなし（JS描画の可能性）,,,,
公益財団法人市川市文化振興財団,https://www.tekona.net/contact/,自動可,,body/email/email2/name/name_kana/tel/url,通常版,,
公益財団法人愛知県文化振興,https://www.aac.pref.aichi.jp/information/000723.html,要確認,HTMLにフォームなし（JS描画の可能性）,,,,
公益財団法人愛知県文化振興事業団,https://www.aac.pref.aichi.jp/information/000723.html,要確認,HTMLにフォームなし（JS描画の可能性）,,,,
公益財団法人所沢市文化振興事業団,https://www.muse-tokorozawa.or.jp/contact/,要確認,HTMLにフォームなし（JS描画の可能性）,,,,
公益財団法人日本科学技術振興財団,https://www.jsf.or.jp/info/information/1888/,要確認,HTMLにフォームなし（JS描画の可能性）,,,,
公益財団法人日本芸術文化振興会,https://www.ntj.jac.go.jp/contactus/,要確認,HTML上で拾えた項目が1件（実行時はラベルも見るので増える見込み）,url,通常版,,
公益財団法人札幌市公園緑化協会,https://www.sapporo-park.or.jp/inquiry/,手動,CAPTCHAあり（自動送信しない）,,,あり,
公益財団法人札幌市生涯学習振興財団,https://www.chieria.slp.or.jp/contact/previous-index.html,要確認,HTMLにフォームなし（JS描画の可能性）,,,,
公益財団法人札幌市芸術文化財団,https://www.sapporo-community-plaza.jp/inquiry.php,手動,CAPTCHAあり（自動送信しない）,,,あり,あり
公益財団法人栃木県民芸術劇場,https://www.sobun-tochigi.jp/contact.html,要確認,HTMLにフォームなし（JS描画の可能性）,,,,
公益財団法人江戸川区文化共育・地域振興財団,https://edogawa-bunkacenter.jp/inquiry/,要確認,HTMLにフォームなし（JS描画の可能性）,,,,
公益財団法人海老名市国際交流協会,https://www.ebina-bunka.jp/contact/,要確認,HTML上で拾えた項目が0件（実行時はラベルも見るので増える見込み）,,通常版,,
公益財団法人熊本市美術文化振興財団,https://www.camk.jp/information/guide/,要確認,HTMLにフォームなし（JS描画の可能性）,,,,
公益財団法人盛岡市文化振興事業団,https://www.mfca.jp/contact,手動,CAPTCHAあり（自動送信しない）,,,あり,
公益財団法人神戸市民文化振興財団,https://www.kobe-bunka.jp/aboutus/contact/,手動,CAPTCHAあり（自動送信しない）,,,あり,
公益財団法人福井県文化振興事業団,https://www.harmonyhall.jp/contact/,手動,CAPTCHAあり（自動送信しない）,,,あり,
公益財団法人福岡市文化芸術振興財団,https://www.ffac.or.jp/contact/,自動可,,body/dept/email/kana_mei/kana_sei/name_sei,通常版,,あり
公益財団法人藤沢市みらい創造財団,https://f-mirai.jp/about/toiawase,要確認,HTML上で拾えた項目が0件（実行時はラベルも見るので増える見込み）,,通常版,,
公益財団法人豊橋文化振興財団,https://www.toyohashi-at.jp/contact/,要確認,HTMLにフォームなし（JS描画の可能性）,,,,
公益財団法人鎌倉市芸術文化振興財団,https://www.kamakura-arts.or.jp/information/,要確認,HTML上で拾えた項目が0件（実行時はラベルも見るので増える見込み）,,通常版,,
公益財団法人長崎県美術館,https://www.nagasaki-museum.jp/contact,手動,CAPTCHAあり（自動送信しない）,,,あり,
公益財団法人長野市文化芸術振興財団,https://www.nagano-arts.or.jp/contact/,要確認,HTML上で拾えた項目が0件（実行時はラベルも見るので増える見込み）,,通常版,,
公益財団法人長野県文化振興事業団,https://www.nagano-arts.or.jp/contact/,要確認,HTML上で拾えた項目が0件（実行時はラベルも見るので増える見込み）,,通常版,,
株式会社篠原演劇企画,https://www.shinohara-engeki.jp/inquiry/,手動,CAPTCHAあり（自動送信しない）,,,あり,
花園近鉄ライナーズ,https://hanazono-liners.jp/fc_form/,自動可,,body/email/name/name_sei/tel,通常版（上限2000）,,
（株）ケイ・ワン,https://www.k-1.co.jp/contact,要確認,HTML上で拾えた項目が0件（実行時はラベルも見るので増える見込み）,,通常版,,
いせさき演劇鑑賞会,https://isesaki-enkan.jimdofree.com/%E3%81%8A%E5%95%8F%E3%81%84%E5%90%88%E3%82%8F%E3%81%9B/,要確認,HTML上で拾えた項目が0件（実行時はラベルも見るので増える見込み）,,通常版,,
いせ演劇鑑賞会,https://iseenkan.jimdofree.com/%E3%81%8A%E5%95%8F%E5%90%88%E3%81%9B-%E9%80%A3%E7%B5%A1%E5%85%88/,要確認,HTML上で拾えた項目が0件（実行時はラベルも見るので増える見込み）,,通常版,,
いわき演劇鑑賞会,https://iwaki-enkan.jp/contact/,自動可,,body/email/name/subject,極小版（上限100）,,
ちた半島演劇鑑賞会,https://chitaengeki.jimdofree.com/%E5%85%A5%E4%BC%9A%E6%A1%88%E5%86%85-%E3%81%8A%E5%95%8F%E5%90%88%E3%82%8F%E3%81%9B/,要確認,HTML上で拾えた項目が0件（実行時はラベルも見るので増える見込み）,,通常版,,
ひらつか演劇鑑賞会,https://hiratuka-engeki.jimdofree.com/%E3%81%8A%E5%95%8F%E5%90%88%E3%81%9B/,要確認,HTMLにフォームなし（JS描画の可能性）,,,,
ふなばし演劇鑑賞会,https://funaen.com/performances/,要確認,HTMLにフォームなし（JS描画の可能性）,,,,
奈良演劇鑑賞会,https://naraenkan.org/contact/,手動,CAPTCHAあり（自動送信しない）,,,あり,
岡山市民劇場,https://simingekijou.okayama.jp/contact/,手動,CAPTCHAあり（自動送信しない）,,,あり,
福山市民劇場,https://fukuyama-shimingekijyo.jimdofree.com/%E3%81%8A%E5%95%8F%E3%81%84%E5%90%88%E3%82%8F%E3%81%9B/,要確認,HTML上で拾えた項目が0件（実行時はラベルも見るので増える見込み）,,通常版,,
高崎演劇鑑賞会,https://takasaki-enkan.jimdofree.com/%E3%81%8A%E5%95%8F%E3%81%84%E5%90%88%E3%82%8F%E3%81%9B/,要確認,HTML上で拾えた項目が0件（実行時はラベルも見るので増える見込み）,,通常版,,
一般財団法人牧阿佐美バレヱ団,https://www.ambt.jp/kurumi-audition2026-form/,要確認,HTML上で拾えた項目が0件（実行時はラベルも見るので増える見込み）,,通常版,,
公益社団法人観世九皐会,https://kanze.net/publics/index/33/,要確認,HTML上で拾えた項目が0件（実行時はラベルも見るので増える見込み）,,通常版,,あり
株式会社よみうりランド,https://www.yomiuriland.com/information/,要確認,HTMLにフォームなし（JS描画の可能性）,,,,
株式会社サンシャインシティ,https://sunshinecity.jp/information/access_train.html,要確認,HTML上で拾えた項目が0件（実行時はラベルも見るので増える見込み）,,通常版,,
株式会社シーパラダイス,https://www.seaparadise.co.jp/contact/,要確認,HTMLにフォームなし（JS描画の可能性）,,,,
株式会社マリンワールド海の中道,https://marine-world.jp/contactform/,手動,CAPTCHAあり（自動送信しない）,,,あり,あり
株式会社加森観光,https://kamori.co.jp/contact,手動,CAPTCHAあり（自動送信しない）,,,あり,
株式会社日本モンキーパーク,https://www.japan-monkeypark.jp/inquiry/,要確認,HTML上で拾えた項目が2件（実行時はラベルも見るので増える見込み）,email/tel,通常版,,あり
株式会社海遊館,https://www.kaiyukan.com/info/faq/,要確認,HTML上で拾えた項目が0件（実行時はラベルも見るので増える見込み）,,通常版,,
浅草演芸ホール,https://www.asakusaengei.com/contact/,自動可,,company/email/name/name_kana/tel/zip,通常版,,あり
兵庫ブレイバーズ,https://ks-bravers.com/contact/,手動,CAPTCHAあり（自動送信しない）,,,あり,
別海パイロットスピリッツ,https://betsukai-pilotspirits.com/contact-2/,手動,CAPTCHAあり（自動送信しない）,,,あり,
埼玉武蔵ヒートベアーズ,https://musashibears.com/contact,手動,CAPTCHAあり（自動送信しない）,,,あり,
大分B-リングス,https://oitabrings.jp/contact/,自動可,,email/name_kana/zip,通常版,,
姫路イーグレッターズ,https://egreters.com/contact,自動可,,body/email/name/subject,通常版,,
宮崎サンシャインズ,https://miyazaki-sunshines.jp/contact/,手動,CAPTCHAあり（自動送信しない）,,,あり,
愛媛マンダリンパイレーツ,https://www.m-pirates.jp/contact,自動可,,body/email/email2/name/name_kana/tel,通常版,,
石川ミリオンスターズ,https://www.m-stars.jp/info/,自動可,,body/email/email2/name/name_kana,通常版,,
福島レッドホープス,https://red-hopes.com/contact/sponsor,自動可,,body/company/dept/email/name/name_kana/tel,通常版,,
美唄ブラックダイヤモンズ,https://bibai-blackdiamonds.com/contact/,自動可,,body/email/name/subject,通常版（上限2000）,,
